[{"id":"user-image-driver-with-ai-generated-free-png.png","publicUrl":"np://user.desktop.nicepage.com/Site_576100865/images/driver-with-ai-generated-free-png.png","size":728878,"hash":"zEZH4qSEQaVBEOqTNwlCvsoHumk=","fileName":"driver-with-ai-generated-free-png.png","name":"driver-with-ai-generated-free-png","width":1599,"height":980,"thumbnail":{"url":"np://user.desktop.nicepage.com/Site_576100865/images/driver-with-ai-generated-free-png.png","width":250,"height":153},"folderId":null,"usages":["825908195"]},{"id":"user-image-75905.png","publicUrl":"np://user.desktop.nicepage.com/Site_576100865/images/75905.png","size":2138,"hash":"KBY1kWPQWPv+eSbUR9Ls+GMZ1zk=","fileName":"75905.png","name":"75905","width":128,"height":128,"thumbnail":{"url":"np://user.desktop.nicepage.com/Site_576100865/images/thumbnails/75905.png","width":128,"height":128,"length":2138,"type":"png"},"folderId":null,"usages":["825908195"]},{"id":"user-image-Personal-deductions-for-car-parking-expenses.jpg","publicUrl":"np://user.desktop.nicepage.com/Site_576100865/images/Personal-deductions-for-car-parking-expenses.jpg","size":2511317,"hash":"Wl7VBF8O5CbLDSztC562/H8tEMg=","fileName":"Personal-deductions-for-car-parking-expenses.jpg","name":"Personal-deductions-for-car-parking-expenses","width":5184,"height":3456,"thumbnail":{"url":"np://user.desktop.nicepage.com/Site_576100865/images/thumbnails/Personal-deductions-for-car-parking-expenses.jpg","width":250,"height":167},"folderId":null,"usages":["825908195"]},{"id":"user-image-825908195-0.jpeg","publicUrl":"np://user.desktop.nicepage.com/Site_576100865/images/825908195-0.jpeg","size":529183,"hash":"8YuV1pBNKb323w5gpUao1aFGq/0=","fileName":"825908195-0.jpeg","name":"825908195-0","width":1333,"height":1000,"thumbnail":{"url":"np://user.desktop.nicepage.com/Site_576100865/images/thumbnails/825908195-0.jpeg","width":250,"height":188},"folderId":null,"usages":["825908195"]},{"id":"user-image-e0ddc46b1627cc1217f7578e9bffb819_150.png","publicUrl":"np://user.desktop.nicepage.com/Site_576100865/images/e0ddc46b1627cc1217f7578e9bffb819_150.png","size":48774,"hash":"NuJDG8es3KwftXl0tLlluHRtTLU=","fileName":"e0ddc46b1627cc1217f7578e9bffb819_150.png","name":"e0ddc46b1627cc1217f7578e9bffb819_150","width":150,"height":150,"thumbnail":{"url":"np://user.desktop.nicepage.com/Site_576100865/images/thumbnails/e0ddc46b1627cc1217f7578e9bffb819_150.png","width":150,"height":150,"length":48774,"type":"png"},"folderId":null,"originalUrl":"//images01.nicepage.com/thumbs/e0/dd/e0ddc46b1627cc1217f7578e9bffb819_150.png","usages":["825908195"]},{"id":"user-image-0e397094d2b96d488ebee01285f44379_150.png","publicUrl":"np://user.desktop.nicepage.com/Site_576100865/images/0e397094d2b96d488ebee01285f44379_150.png","size":52853,"hash":"DwtZRLs96NelVGY+26PojKug2Qo=","fileName":"0e397094d2b96d488ebee01285f44379_150.png","name":"0e397094d2b96d488ebee01285f44379_150","width":150,"height":150,"thumbnail":{"url":"np://user.desktop.nicepage.com/Site_576100865/images/thumbnails/0e397094d2b96d488ebee01285f44379_150.png","width":150,"height":150,"length":52853,"type":"png"},"folderId":null,"originalUrl":"//images01.nicepage.com/thumbs/0e/39/0e397094d2b96d488ebee01285f44379_150.png","usages":["825908195"]},{"id":"user-image-c6a7ec2dd5c5411425bb92094dc186de.png","publicUrl":"np://user.desktop.nicepage.com/Site_576100865/images/c6a7ec2dd5c5411425bb92094dc186de.png","size":74099,"hash":"5jcmIUDOBb2UhBNyAC4jG4kfq0M=","fileName":"c6a7ec2dd5c5411425bb92094dc186de.png","name":"c6a7ec2dd5c5411425bb92094dc186de","width":858,"height":282,"thumbnail":{"url":"np://user.desktop.nicepage.com/Site_576100865/images/thumbnails/c6a7ec2dd5c5411425bb92094dc186de.png","width":250,"height":82},"folderId":null,"originalUrl":"//images01.nicepage.com/c6/a7/c6a7ec2dd5c5411425bb92094dc186de.png","usages":["825908195"]},{"id":"user-image-29d1ec8f14cf4982151b3dfef8ae11f3.png","publicUrl":"np://user.desktop.nicepage.com/Site_576100865/images/29d1ec8f14cf4982151b3dfef8ae11f3.png","size":82088,"hash":"I4gT0RUUxT/B/6tC5v4vrX9k/dQ=","fileName":"29d1ec8f14cf4982151b3dfef8ae11f3.png","name":"29d1ec8f14cf4982151b3dfef8ae11f3","width":858,"height":282,"thumbnail":{"url":"np://user.desktop.nicepage.com/Site_576100865/images/thumbnails/29d1ec8f14cf4982151b3dfef8ae11f3.png","width":250,"height":82},"folderId":null,"originalUrl":"//images01.nicepage.com/29/d1/29d1ec8f14cf4982151b3dfef8ae11f3.png","usages":["825908195"]}]