[{"id":795017890,"title":"Blog Template","order":1,"templateKey":"blog","customTemplate":false,"customTemplateFilename":null,"pageLinks":[],"dateCreated":"2024-02-01T16:10:22.290Z","dateUpdated":"2024-02-01T16:10:24.975Z","folderId":null,"pageName":"Blog Template","serverPageId":null,"sectionCount":1,"status":2,"backwardUrl":null},{"id":1749506329,"title":"Post Template","order":2,"templateKey":"post","customTemplate":false,"customTemplateFilename":null,"pageLinks":[],"dateCreated":"2024-02-01T16:10:22.653Z","dateUpdated":"2024-02-01T16:10:24.975Z","folderId":null,"pageName":"Post Template","serverPageId":null,"sectionCount":1,"status":2,"backwardUrl":null},{"id":221302771,"title":"Product List Template","order":3,"templateKey":"products","customTemplate":false,"customTemplateFilename":null,"pageLinks":[],"dateCreated":"2024-02-01T16:10:22.895Z","dateUpdated":"2024-02-01T16:10:24.975Z","folderId":null,"pageName":"Product List Template","serverPageId":null,"sectionCount":1,"status":2,"backwardUrl":null},{"id":292909418,"title":"Product Details Template","order":4,"templateKey":"product","customTemplate":false,"customTemplateFilename":null,"pageLinks":[],"dateCreated":"2024-02-01T16:10:23.237Z","dateUpdated":"2024-02-01T16:10:24.975Z","folderId":null,"pageName":"Product Details Template","serverPageId":null,"sectionCount":1,"status":2,"backwardUrl":null},{"id":53952876,"title":"Shopping Cart Template","order":5,"templateKey":"cart","customTemplate":false,"customTemplateFilename":null,"pageLinks":[],"dateCreated":"2024-02-01T16:10:23.434Z","dateUpdated":"2024-02-01T16:10:24.975Z","folderId":null,"pageName":"Shopping Cart Template","serverPageId":null,"sectionCount":1,"status":2,"backwardUrl":null},{"id":184919538,"title":"Checkout Template","order":6,"templateKey":"checkout","customTemplate":false,"customTemplateFilename":null,"pageLinks":[],"dateCreated":"2024-02-01T16:10:23.789Z","dateUpdated":"2024-02-01T16:10:24.975Z","folderId":null,"pageName":"Checkout Template","serverPageId":null,"sectionCount":1,"status":2,"backwardUrl":null},{"id":18470802,"title":"Login Template","order":7,"templateKey":"login","customTemplate":false,"customTemplateFilename":null,"pageLinks":[],"dateCreated":"2024-02-01T16:10:23.933Z","dateUpdated":"2024-02-01T16:10:24.975Z","folderId":null,"pageName":"Login Template","serverPageId":null,"sectionCount":1,"status":2,"backwardUrl":null},{"id":689805918,"title":"Page Password Template","order":8,"templateKey":"password","customTemplate":false,"customTemplateFilename":null,"pageLinks":[],"dateCreated":"2024-02-01T16:10:24.058Z","dateUpdated":"2024-02-01T16:10:24.975Z","folderId":null,"pageName":"Page Password Template","serverPageId":null,"sectionCount":1,"status":2,"backwardUrl":null},{"id":447619636,"title":"404 Not Found Template","order":9,"templateKey":"404","customTemplate":false,"customTemplateFilename":null,"pageLinks":[],"dateCreated":"2024-02-01T16:10:24.159Z","dateUpdated":"2024-02-01T16:10:24.975Z","folderId":null,"pageName":"404 Not Found Template","serverPageId":null,"sectionCount":1,"status":2,"backwardUrl":null},{"id":1172802676,"title":"Thank You Page Template","order":10,"templateKey":"ThankYou","customTemplate":false,"customTemplateFilename":null,"pageLinks":[],"dateCreated":"2024-02-01T16:10:24.248Z","dateUpdated":"2024-02-01T16:10:24.975Z","folderId":null,"pageName":"Thank You Page Template","serverPageId":null,"sectionCount":1,"status":2,"backwardUrl":null},{"id":825908195,"title":"Home","order":50,"templateKey":null,"customTemplate":false,"customTemplateFilename":null,"pageLinks":["110525853"],"dateCreated":"2024-02-01T16:10:25.626Z","dateUpdated":"2024-02-01T17:16:58.122Z","folderId":null,"pageName":"Home_825908195","serverPageId":null,"sectionCount":10,"status":2,"backwardUrl":null},{"id":250211558,"title":"About","order":100,"templateKey":null,"customTemplate":false,"customTemplateFilename":null,"pageLinks":[],"dateCreated":"2024-02-01T16:10:24.320Z","dateUpdated":"2024-02-01T16:10:24.975Z","folderId":null,"pageName":"About_250211558","serverPageId":null,"sectionCount":1,"status":2,"backwardUrl":null},{"id":110525853,"title":"Contact","order":101,"templateKey":null,"customTemplate":false,"customTemplateFilename":null,"pageLinks":[],"dateCreated":"2024-02-01T16:10:24.371Z","dateUpdated":"2024-02-01T16:10:24.975Z","folderId":null,"pageName":"Contact_110525853","serverPageId":null,"sectionCount":1,"status":2,"backwardUrl":null}]